student_id,first_name,last_name,email,gender,department,year_of_study,enrollment_date
1,Stella,Bradley,stella.bradley@student.university.edu,Female,EARTH SCIENCE,1,2025-08-22
2,Aurora,Gray,aurora.gray@student.university.edu,Female,CHEMISTRY,4,2022-09-11
3,Jayden,Hunt,jayden.hunt@student.university.edu,Male,MECHANICAL,3,2023-08-16
4,Roy,Hansen,roy.hansen@student.university.edu,Male,CHEMICAL,1,2025-08-26
5,Asher,Carpenter,asher.carpenter@student.university.edu,Male,CSE,3,2023-08-23
6,Dylan,Wheeler,dylan.wheeler@student.university.edu,Male,CIVIL,1,2025-09-12
7,Victor,Carter,victor.carter@student.university.edu,Male,EARTH SCIENCE,1,2025-09-10
8,Ryan,George,ryan.george@student.university.edu,Male,AEROSPACE,2,2024-08-17
9,Sofia,Anderson,sofia.anderson@student.university.edu,Female,PHYSICS,3,2023-09-11
10,Kyle,Porter,kyle.porter@student.university.edu,Male,CIVIL,4,2022-08-19
11,Caroline,Guzman,caroline.guzman@student.university.edu,Female,MSE,1,2025-09-01
12,Leilani,Nunez,leilani.nunez@student.university.edu,Female,CHEMICAL,2,2024-09-06
13,Billy,Newman,billy.newman@student.university.edu,Male,CHEMICAL,1,2025-09-05
14,Weston,Lopez,weston.lopez@student.university.edu,Male,CSE,3,2023-09-05
15,Daniel,Rodriguez,daniel.rodriguez@student.university.edu,Male,EARTH SCIENCE,2,2024-09-04
16,Ezra,Mendoza,ezra.mendoza@student.university.edu,Male,CIVIL,3,2023-08-19
17,Gabriella,Ellis,gabriella.ellis@student.university.edu,Female,CIVIL,2,2024-08-18
18,Betty,Harrison,betty.harrison@student.university.edu,Female,AEROSPACE,4,2022-08-16
19,Wayne,Coleman,wayne.coleman@student.university.edu,Male,AEROSPACE,2,2024-09-03
20,Shirley,Boyd,shirley.boyd@student.university.edu,Female,CHEMISTRY,1,2025-08-26
21,Chelsea,Alvarez,chelsea.alvarez@student.university.edu,Female,CHEMISTRY,4,2022-09-01
22,Hannah,Nelson,hannah.nelson@student.university.edu,Female,MECHANICAL,1,2025-08-23
23,Norma,Martinez,norma.martinez@student.university.edu,Female,AEROSPACE,4,2022-08-15
24,Ruby,Alexander,ruby.alexander@student.university.edu,Female,EARTH SCIENCE,4,2022-08-27
25,Adam,Morgan,adam.morgan@student.university.edu,Male,AEROSPACE,4,2022-08-29
26,Oliver,Rios,oliver.rios@student.university.edu,Male,CSE,4,2022-08-19
27,Hayden,Nguyen,hayden.nguyen@student.university.edu,Male,PHYSICS,3,2023-08-24
28,Alice,Wagner,alice.wagner@student.university.edu,Female,CHEMISTRY,3,2023-09-02
29,Ryker,Carlson,ryker.carlson@student.university.edu,Male,CIVIL,3,2023-08-28
30,Wesley,Gonzalez,wesley.gonzalez@student.university.edu,Male,PHYSICS,2,2024-08-29
31,Elliott,Pierce,elliott.pierce@student.university.edu,Male,AEROSPACE,1,2025-08-15
32,Lucille,Kelly,lucille.kelly@student.university.edu,Female,CSE,2,2024-08-24
33,Bonnie,Cooper,bonnie.cooper@student.university.edu,Female,CHEMISTRY,4,2022-08-21
34,Audrey,Goodwin,audrey.goodwin@student.university.edu,Female,EARTH SCIENCE,2,2024-09-13
35,Skylar,Romero,skylar.romero@student.university.edu,Female,MECHANICAL,3,2023-09-06
36,Catherine,Hart,catherine.hart@student.university.edu,Female,PHYSICS,2,2024-09-03
37,Lauren,Collins,lauren.collins@student.university.edu,Female,CHEMICAL,4,2022-09-13
38,Hunter,Delgado,hunter.delgado@student.university.edu,Male,CHEMISTRY,1,2025-08-26
39,Bruce,Davis,bruce.davis@student.university.edu,Male,MECHANICAL,3,2023-09-11
40,Madelyn,Allen,madelyn.allen@student.university.edu,Female,CHEMISTRY,3,2023-08-31
41,Amanda,Washington,amanda.washington@student.university.edu,Female,AEROSPACE,2,2024-08-24
42,Felix,Graham,felix.graham@student.university.edu,Male,AEROSPACE,3,2023-08-17
43,Morgan,Ryan,morgan.ryan@student.university.edu,Female,PHYSICS,3,2023-08-27
44,Oscar,Bailey,oscar.bailey@student.university.edu,Male,CHEMICAL,4,2022-08-23
45,Cynthia,Gomez,cynthia.gomez@student.university.edu,Female,CIVIL,4,2022-09-11
46,Ella,Campbell,ella.campbell@student.university.edu,Female,MSE,4,2022-09-03
47,Gary,Harper,gary.harper@student.university.edu,Male,MECHANICAL,4,2022-08-25
48,Jose,Howell,jose.howell@student.university.edu,Male,CHEMISTRY,1,2025-09-11
49,Natalia,Harris,natalia.harris@student.university.edu,Female,PHYSICS,1,2025-08-18
50,Mildred,Kelley,mildred.kelley@student.university.edu,Female,CIVIL,3,2023-08-28
51,John,Patel,john.patel@student.university.edu,Male,AEROSPACE,3,2023-09-03
52,Kayla,Arnold,kayla.arnold@student.university.edu,Female,PHYSICS,1,2025-09-12
53,Theodore,Brown,theodore.brown@student.university.edu,Male,CIVIL,3,2023-09-13
54,Gail,Franklin,gail.franklin@student.university.edu,Female,PHYSICS,3,2023-08-21
55,Ruby,Hunter,ruby.hunter@student.university.edu,Female,MECHANICAL,1,2025-09-04
56,Gregory,Chavez,gregory.chavez@student.university.edu,Male,AEROSPACE,2,2024-08-22
57,Jonah,Hamilton,jonah.hamilton@student.university.edu,Male,PHYSICS,3,2023-08-18
58,Carrie,Santos,carrie.santos@student.university.edu,Female,AEROSPACE,2,2024-09-06
59,Ivy,Marshall,ivy.marshall@student.university.edu,Female,AEROSPACE,3,2023-09-09
60,Silas,Lewis,silas.lewis@student.university.edu,Male,MSE,1,2025-09-14
61,Andrea,Hernandes,andrea.hernandes@student.university.edu,Female,CHEMICAL,2,2024-08-24
62,Evan,Watson,evan.watson@student.university.edu,Male,CHEMICAL,4,2022-09-14
63,Gage,Bell,gage.bell@student.university.edu,Male,CHEMICAL,1,2025-08-27
64,Brandon,Contreras,brandon.contreras@student.university.edu,Male,CIVIL,1,2025-08-23
65,Roger,Thompson,roger.thompson@student.university.edu,Male,CIVIL,3,2023-09-04
66,Harrison,Sims,harrison.sims@student.university.edu,Male,CHEMISTRY,1,2025-09-05
67,Richard,Lane,richard.lane@student.university.edu,Male,AEROSPACE,1,2025-09-09
68,Sheryl,Jacobs,sheryl.jacobs@student.university.edu,Female,CHEMICAL,2,2024-09-12
69,Jesse,Reed,jesse.reed@student.university.edu,Male,CHEMICAL,1,2025-09-03
70,Cameron,Rice,cameron.rice@student.university.edu,Male,CIVIL,2,2024-08-23
71,Jean,Henry,jean.henry@student.university.edu,Female,MECHANICAL,2,2024-09-07
72,Dean,Warren,dean.warren@student.university.edu,Male,PHYSICS,2,2024-09-14
73,Keith,Dixon,keith.dixon@student.university.edu,Male,CHEMISTRY,4,2022-08-26
74,Marilyn,Chapman,marilyn.chapman@student.university.edu,Female,PHYSICS,4,2022-09-05
75,Elijah,Palmer,elijah.palmer@student.university.edu,Male,PHYSICS,1,2025-09-13
76,Lucas,Harvey,lucas.harvey@student.university.edu,Male,CIVIL,3,2023-08-23
77,Linda,Scott,linda.scott@student.university.edu,Female,CIVIL,4,2022-08-27
78,Juan,Pena,juan.pena@student.university.edu,Male,CHEMICAL,4,2022-08-16
79,Wesley,Maldonado,wesley.maldonado@student.university.edu,Male,CSE,3,2023-08-23
80,Joshua,Adams,joshua.adams@student.university.edu,Male,EARTH SCIENCE,2,2024-08-25
81,Christian,Lee,christian.lee@student.university.edu,Male,CHEMISTRY,1,2025-09-01
82,Theo,Garcia,theo.garcia@student.university.edu,Male,MSE,4,2022-08-22
83,Johnny,Gilbert,johnny.gilbert@student.university.edu,Male,PHYSICS,4,2022-08-16
84,Katherine,Sanders,katherine.sanders@student.university.edu,Female,CHEMISTRY,4,2022-09-12
85,Tina,Olson,tina.olson@student.university.edu,Female,AEROSPACE,1,2025-08-25
86,Bobby,Lawson,bobby.lawson@student.university.edu,Male,EARTH SCIENCE,1,2025-08-26
87,Marie,Robertson,marie.robertson@student.university.edu,Female,EARTH SCIENCE,1,2025-09-04
88,Vanessa,Ford,vanessa.ford@student.university.edu,Female,CHEMISTRY,4,2022-09-02
89,Preston,Vargas,preston.vargas@student.university.edu,Male,MECHANICAL,2,2024-09-07
90,Sean,Bennett,sean.bennett@student.university.edu,Male,CIVIL,2,2024-08-19
91,Jason,Dunn,jason.dunn@student.university.edu,Male,MECHANICAL,1,2025-09-06
92,Susan,Austin,susan.austin@student.university.edu,Female,CHEMISTRY,2,2024-08-27
93,Sophia,McCoy,sophia.mccoy@student.university.edu,Female,CSE,4,2022-09-02
94,Rose,Meyer,rose.meyer@student.university.edu,Female,MSE,3,2023-08-15
95,Gloria,Elliott,gloria.elliott@student.university.edu,Female,CSE,2,2024-08-18
96,Brian,Cole,brian.cole@student.university.edu,Male,CIVIL,4,2022-09-11
97,Adrian,Stephens,adrian.stephens@student.university.edu,Male,CIVIL,4,2022-09-06
98,Greyson,Webb,greyson.webb@student.university.edu,Male,MECHANICAL,1,2025-09-03
99,Joanne,Oliver,joanne.oliver@student.university.edu,Female,CSE,4,2022-09-12
100,Nolan,Owens,nolan.owens@student.university.edu,Male,MSE,4,2022-08-17
101,Zoe,French,zoe.french@student.university.edu,Female,MECHANICAL,4,2022-09-10
102,Kaitlyn,Sutton,kaitlyn.sutton@student.university.edu,Female,AEROSPACE,3,2023-09-09
103,Peyton,Torres,peyton.torres@student.university.edu,Female,CHEMICAL,4,2022-08-18
104,Joe,Matthews,joe.matthews@student.university.edu,Male,CSE,1,2025-09-01
105,Willow,Stone,willow.stone@student.university.edu,Female,PHYSICS,4,2022-08-15
106,Maddox,Jordan,maddox.jordan@student.university.edu,Male,PHYSICS,3,2023-08-17
107,Jeffrey,Parsons,jeffrey.parsons@student.university.edu,Male,MECHANICAL,3,2023-08-16
108,Dawn,Green,dawn.green@student.university.edu,Female,AEROSPACE,2,2024-08-23
109,Nina,Russell,nina.russell@student.university.edu,Female,EARTH SCIENCE,2,2024-08-22
110,Michael,Rogers,michael.rogers@student.university.edu,Male,MSE,3,2023-08-15
111,Serenity,Stewart,serenity.stewart@student.university.edu,Female,MSE,2,2024-09-10
112,Jeremy,Gutierrez,jeremy.gutierrez@student.university.edu,Male,AEROSPACE,1,2025-08-29
113,Xavier,Weaver,xavier.weaver@student.university.edu,Male,PHYSICS,1,2025-09-09
114,Robert,Vega,robert.vega@student.university.edu,Male,EARTH SCIENCE,1,2025-08-28
115,Paul,Wallace,paul.wallace@student.university.edu,Male,EARTH SCIENCE,2,2024-08-18
116,Blake,Jensen,blake.jensen@student.university.edu,Male,CIVIL,4,2022-09-02
117,Jacob,Le,jacob.le@student.university.edu,Male,CSE,3,2023-08-15
118,Levi,Richardson,levi.richardson@student.university.edu,Male,MSE,4,2022-09-14
119,Janice,Ramos,janice.ramos@student.university.edu,Female,CIVIL,3,2023-08-19
120,Jamie,Andrews,jamie.andrews@student.university.edu,Female,EARTH SCIENCE,4,2022-09-10
121,Leah,Mitchell,leah.mitchell@student.university.edu,Female,AEROSPACE,2,2024-09-01
122,Landon,Silva,landon.silva@student.university.edu,Male,AEROSPACE,3,2023-08-29
123,Layla,Carroll,layla.carroll@student.university.edu,Female,MSE,3,2023-09-04
124,Paisley,Hicks,paisley.hicks@student.university.edu,Female,MSE,1,2025-09-02
125,Eli,Crawford,eli.crawford@student.university.edu,Male,CSE,1,2025-09-03
126,Russell,Snyder,russell.snyder@student.university.edu,Male,CIVIL,4,2022-08-21
127,Samantha,Clark,samantha.clark@student.university.edu,Female,MECHANICAL,1,2025-09-06
128,James,Foster,james.foster@student.university.edu,Male,PHYSICS,2,2024-09-03
129,Beckett,White,beckett.white@student.university.edu,Male,CSE,1,2025-08-26
130,Jacqueline,Burns,jacqueline.burns@student.university.edu,Female,AEROSPACE,4,2022-08-21
131,Becky,Lynch,becky.lynch@student.university.edu,Female,MECHANICAL,4,2022-08-26
132,Carol,Willis,carol.willis@student.university.edu,Female,CSE,4,2022-09-05
133,Kenneth,Turner,kenneth.turner@student.university.edu,Male,AEROSPACE,1,2025-08-21
134,Nathan,Aguilar,nathan.aguilar@student.university.edu,Male,CHEMISTRY,3,2023-09-04
135,Valerie,Moreno,valerie.moreno@student.university.edu,Female,PHYSICS,2,2024-08-29
136,Spencer,Parker,spencer.parker@student.university.edu,Male,CIVIL,3,2023-08-15
137,Laura,Powell,laura.powell@student.university.edu,Female,MECHANICAL,2,2024-08-29
138,Taylor,Gibson,taylor.gibson@student.university.edu,Female,CHEMICAL,2,2024-09-09
139,Louise,Freeman,louise.freeman@student.university.edu,Female,PHYSICS,4,2022-08-21
140,Teresa,Williams,teresa.williams@student.university.edu,Female,MSE,1,2025-09-05
141,Maverick,Mendez,maverick.mendez@student.university.edu,Male,AEROSPACE,3,2023-08-17
142,Katie,Holmes,katie.holmes@student.university.edu,Female,CHEMISTRY,2,2024-09-10
143,Nicholas,Walsh,nicholas.walsh@student.university.edu,Male,CHEMISTRY,3,2023-09-02
144,Connie,Grant,connie.grant@student.university.edu,Female,PHYSICS,2,2024-08-19
145,Samuel,James,samuel.james@student.university.edu,Male,PHYSICS,1,2025-08-23
146,Everett,Figueroa,everett.figueroa@student.university.edu,Male,MECHANICAL,1,2025-08-17
147,Ralph,Miller,ralph.miller@student.university.edu,Male,CHEMICAL,3,2023-09-08
148,Tara,Santiago,tara.santiago@student.university.edu,Female,MSE,1,2025-09-04
149,Natalie,Riley,natalie.riley@student.university.edu,Female,CIVIL,4,2022-09-14
150,Ronald,Hanson,ronald.hanson@student.university.edu,Male,CHEMICAL,1,2025-09-07
151,Bradley,Carr,bradley.carr@student.university.edu,Male,CHEMISTRY,1,2025-08-15
152,Bennett,Myers,bennett.myers@student.university.edu,Male,CHEMICAL,2,2024-08-16
153,Julie,Hill,julie.hill@student.university.edu,Female,PHYSICS,3,2023-09-10
154,Kingston,Jimenez,kingston.jimenez@student.university.edu,Male,CIVIL,3,2023-09-13
155,Mark,Young,mark.young@student.university.edu,Male,MECHANICAL,2,2024-08-22
156,Caleb,Castro,caleb.castro@student.university.edu,Male,MECHANICAL,2,2024-08-21
157,Carter,Long,carter.long@student.university.edu,Male,AEROSPACE,2,2024-09-02
158,Douglas,Berry,douglas.berry@student.university.edu,Male,EARTH SCIENCE,2,2024-09-01
159,Frank,Fisher,frank.fisher@student.university.edu,Male,CIVIL,1,2025-08-30
160,Evelyn,Hawkins,evelyn.hawkins@student.university.edu,Female,CHEMICAL,3,2023-09-04
161,Jasper,Henderson,jasper.henderson@student.university.edu,Male,CHEMICAL,3,2023-09-05
162,Emmett,Moore,emmett.moore@student.university.edu,Male,AEROSPACE,2,2024-08-30
163,Marcus,Vasquez,marcus.vasquez@student.university.edu,Male,CHEMICAL,2,2024-08-31
164,Brenda,Bishop,brenda.bishop@student.university.edu,Female,CHEMICAL,3,2023-08-23
165,Hugo,Martin,hugo.martin@student.university.edu,Male,MECHANICAL,2,2024-08-21
166,Alan,Evans,alan.evans@student.university.edu,Male,CHEMISTRY,3,2023-09-03
167,Erin,Brooks,erin.brooks@student.university.edu,Female,PHYSICS,2,2024-08-18
168,Sara,Kim,sara.kim@student.university.edu,Female,MECHANICAL,4,2022-08-18
169,Grayson,Ward,grayson.ward@student.university.edu,Male,CHEMISTRY,4,2022-09-08
170,Edna,Larson,edna.larson@student.university.edu,Female,AEROSPACE,2,2024-08-29
171,Mateo,Woods,mateo.woods@student.university.edu,Male,AEROSPACE,3,2023-09-13
172,Harper,Hall,harper.hall@student.university.edu,Female,MSE,4,2022-09-02
173,Walter,Robinson,walter.robinson@student.university.edu,Male,CSE,4,2022-09-14
174,Lynn,Diaz,lynn.diaz@student.university.edu,Female,MSE,4,2022-08-24
175,Barbara,Nichols,barbara.nichols@student.university.edu,Female,MSE,1,2025-09-09
176,Declan,Chambers,declan.chambers@student.university.edu,Male,CIVIL,3,2023-09-13
177,Aiden,Guerrero,aiden.guerrero@student.university.edu,Male,EARTH SCIENCE,4,2022-08-18
178,Peggy,Dominguez,peggy.dominguez@student.university.edu,Female,CHEMISTRY,2,2024-09-02
179,Edward,Thomas,edward.thomas@student.university.edu,Male,AEROSPACE,2,2024-08-24
180,Emilia,Burke,emilia.burke@student.university.edu,Female,CIVIL,3,2023-09-08
181,Sebastian,Mason,sebastian.mason@student.university.edu,Male,EARTH SCIENCE,3,2023-08-26
182,Kinsley,Sandoval,kinsley.sandoval@student.university.edu,Female,CIVIL,4,2022-09-03
183,Danielle,Phillips,danielle.phillips@student.university.edu,Female,MSE,1,2025-09-07
184,Lydia,Chen,lydia.chen@student.university.edu,Female,CHEMISTRY,1,2025-09-07
185,Beverly,Johnson,beverly.johnson@student.university.edu,Female,PHYSICS,2,2024-09-12
186,Owen,Howard,owen.howard@student.university.edu,Male,PHYSICS,3,2023-09-07
187,Phyllis,Morales,phyllis.morales@student.university.edu,Female,CHEMICAL,1,2025-08-31
188,Josiah,Baker,josiah.baker@student.university.edu,Male,CHEMISTRY,3,2023-09-14
189,Lily,Sullivan,lily.sullivan@student.university.edu,Female,MECHANICAL,2,2024-08-26
190,Sydney,Knight,sydney.knight@student.university.edu,Female,CIVIL,1,2025-08-30
191,Jonathan,Rose,jonathan.rose@student.university.edu,Male,CIVIL,3,2023-09-03
192,Jordan,Perez,jordan.perez@student.university.edu,Male,AEROSPACE,2,2024-08-31
193,Miles,Ross,miles.ross@student.university.edu,Male,CIVIL,4,2022-09-04
194,Tyler,Perkins,tyler.perkins@student.university.edu,Male,CIVIL,1,2025-09-11
195,Christine,Estrada,christine.estrada@student.university.edu,Female,CHEMISTRY,3,2023-09-05
196,Larry,Watkins,larry.watkins@student.university.edu,Male,CSE,2,2024-08-22
197,Gabriel,Cox,gabriel.cox@student.university.edu,Male,PHYSICS,3,2023-09-10
198,Hudson,Fernandez,hudson.fernandez@student.university.edu,Male,EARTH SCIENCE,4,2022-09-03
199,Cole,Duncan,cole.duncan@student.university.edu,Male,CIVIL,3,2023-08-22
200,Jack,Barnes,jack.barnes@student.university.edu,Male,CSE,4,2022-09-05
201,Cindy,Cook,cindy.cook@student.university.edu,Female,CHEMISTRY,3,2023-09-08
202,Max,Tran,max.tran@student.university.edu,Male,AEROSPACE,1,2025-09-08
203,Bentley,Peterson,bentley.peterson@student.university.edu,Male,MSE,3,2023-08-24
204,Ruth,Ramirez,ruth.ramirez@student.university.edu,Female,MECHANICAL,3,2023-08-21
205,Kaden,Wong,kaden.wong@student.university.edu,Male,PHYSICS,1,2025-09-07
206,Jocelyn,Taylor,jocelyn.taylor@student.university.edu,Female,CHEMICAL,1,2025-08-15
207,Gerald,Medina,gerald.medina@student.university.edu,Male,CHEMICAL,2,2024-09-03
208,Rita,Armstrong,rita.armstrong@student.university.edu,Female,CHEMICAL,2,2024-09-10
209,Nancy,Richards,nancy.richards@student.university.edu,Female,MSE,1,2025-09-07
210,Wyatt,Espinoza,wyatt.espinoza@student.university.edu,Male,MECHANICAL,1,2025-09-14
211,Justin,Cunningham,justin.cunningham@student.university.edu,Male,CHEMISTRY,1,2025-09-14
212,Timothy,Li,timothy.li@student.university.edu,Male,MECHANICAL,3,2023-09-08
213,Thelma,Shaw,thelma.shaw@student.university.edu,Female,CHEMICAL,1,2025-09-10
214,Ethan,Ortiz,ethan.ortiz@student.university.edu,Male,CHEMICAL,1,2025-09-09
215,Rowan,Soto,rowan.soto@student.university.edu,Male,MECHANICAL,3,2023-09-11
216,Scarlett,Montgomery,scarlett.montgomery@student.university.edu,Female,EARTH SCIENCE,2,2024-08-28
217,Alice,Black,alice.black@student.university.edu,Female,MECHANICAL,2,2024-09-08
218,Jenna,Garza,jenna.garza@student.university.edu,Female,EARTH SCIENCE,2,2024-09-08
219,Cassie,Singh,cassie.singh@student.university.edu,Female,MSE,1,2025-09-02
220,Valentina,Jones,valentina.jones@student.university.edu,Female,CHEMISTRY,1,2025-09-10
221,Christopher,Vazquez,christopher.vazquez@student.university.edu,Male,CHEMICAL,2,2024-09-13
222,Madeline,Payne,madeline.payne@student.university.edu,Female,CHEMICAL,1,2025-08-18
223,Jerry,Mills,jerry.mills@student.university.edu,Male,PHYSICS,1,2025-08-26
224,Pauline,Fox,pauline.fox@student.university.edu,Female,MSE,1,2025-08-30
225,Albert,Herrera,albert.herrera@student.university.edu,Male,AEROSPACE,4,2022-09-14
226,Kathryn,Williamson,kathryn.williamson@student.university.edu,Female,CHEMICAL,4,2022-08-20
227,Calvin,Munoz,calvin.munoz@student.university.edu,Male,CIVIL,3,2023-08-23
228,Carl,Greene,carl.greene@student.university.edu,Male,AEROSPACE,3,2023-09-08
229,Charlotte,Reid,charlotte.reid@student.university.edu,Female,CHEMISTRY,2,2024-08-26
230,Alexandra,Smith,alexandra.smith@student.university.edu,Female,EARTH SCIENCE,4,2022-09-08
231,Ava,Hudson,ava.hudson@student.university.edu,Female,CIVIL,1,2025-08-24
232,George,Manning,george.manning@student.university.edu,Male,MSE,1,2025-08-27
233,Bryson,Ruiz,bryson.ruiz@student.university.edu,Male,MSE,1,2025-08-17
234,Liam,Ferguson,liam.ferguson@student.university.edu,Male,CSE,2,2024-09-13
235,Kaiden,Price,kaiden.price@student.university.edu,Male,EARTH SCIENCE,1,2025-09-07
236,Tammy,Gonzales,tammy.gonzales@student.university.edu,Female,CHEMICAL,2,2024-08-17
237,Tristan,Wells,tristan.wells@student.university.edu,Male,CHEMISTRY,3,2023-08-28
238,Alexis,Griffin,alexis.griffin@student.university.edu,Female,MSE,1,2025-09-05
239,Bailey,Jackson,bailey.jackson@student.university.edu,Female,EARTH SCIENCE,3,2023-08-21
240,Philip,Patterson,philip.patterson@student.university.edu,Male,CIVIL,3,2023-09-13
241,Emily,Morris,emily.morris@student.university.edu,Female,EARTH SCIENCE,3,2023-09-06
242,Destiny,Castillo,destiny.castillo@student.university.edu,Female,PHYSICS,1,2025-08-16
243,Riley,McDonald,riley.mcdonald@student.university.edu,Female,MSE,4,2022-08-22
244,Colton,Reynolds,colton.reynolds@student.university.edu,Male,CIVIL,1,2025-09-10
245,Helen,Hughes,helen.hughes@student.university.edu,Female,MSE,1,2025-09-11
246,Jade,Hernandez,jade.hernandez@student.university.edu,Female,CIVIL,4,2022-09-12
247,Elaine,Simmons,elaine.simmons@student.university.edu,Female,MSE,2,2024-08-28
248,Thomas,Hale,thomas.hale@student.university.edu,Male,AEROSPACE,1,2025-08-28
249,Terry,Perry,terry.perry@student.university.edu,Male,CHEMISTRY,3,2023-09-14
250,Zachary,Bryant,zachary.bryant@student.university.edu,Male,PHYSICS,2,2024-08-18
251,Aaron,King,aaron.king@student.university.edu,Male,MECHANICAL,2,2024-08-17
252,Amber,Tucker,amber.tucker@student.university.edu,Female,MSE,2,2024-09-04
253,Rachel,Reyes,rachel.reyes@student.university.edu,Female,CHEMICAL,1,2025-09-10
254,Griffin,Wilson,griffin.wilson@student.university.edu,Male,AEROSPACE,3,2023-09-08
255,Connor,Morrison,connor.morrison@student.university.edu,Male,CHEMICAL,1,2025-08-21
256,Anita,Edwards,anita.edwards@student.university.edu,Female,CSE,1,2025-09-03
257,William,Ortega,william.ortega@student.university.edu,Male,CIVIL,3,2023-09-05
258,Parker,Wright,parker.wright@student.university.edu,Male,EARTH SCIENCE,2,2024-09-01
259,Laurie,Spencer,laurie.spencer@student.university.edu,Female,CHEMISTRY,3,2023-08-28
260,Katelyn,Lawrence,katelyn.lawrence@student.university.edu,Female,CHEMISTRY,3,2023-08-15
261,Louis,Wood,louis.wood@student.university.edu,Male,EARTH SCIENCE,2,2024-09-09
262,Julia,Murphy,julia.murphy@student.university.edu,Female,MSE,3,2023-08-28
263,Benjamin,Zimmerman,benjamin.zimmerman@student.university.edu,Male,MECHANICAL,4,2022-09-09
264,Stephanie,Jenkins,stephanie.jenkins@student.university.edu,Female,AEROSPACE,2,2024-08-19
265,Anthony,Kennedy,anthony.kennedy@student.university.edu,Male,MECHANICAL,3,2023-09-10
266,Lincoln,Stevens,lincoln.stevens@student.university.edu,Male,CHEMISTRY,4,2022-08-25
267,Arthur,Daniels,arthur.daniels@student.university.edu,Male,MSE,4,2022-08-24
268,Oliver,West,oliver.west@student.university.edu,Male,MECHANICAL,1,2025-09-09
269,Bryan,Gardner,bryan.gardner@student.university.edu,Male,CHEMISTRY,4,2022-09-08
270,Karen,Dean,karen.dean@student.university.edu,Female,EARTH SCIENCE,4,2022-09-01
271,Ian,Butler,ian.butler@student.university.edu,Male,AEROSPACE,3,2023-08-17
272,Jude,Schmidt,jude.schmidt@student.university.edu,Male,PHYSICS,1,2025-09-11
273,Stephen,Gordon,stephen.gordon@student.university.edu,Male,CHEMISTRY,1,2025-08-21
274,Cooper,Jacobs,cooper.jacobs@student.university.edu,Male,AEROSPACE,3,2023-08-22
275,Easton,Peters,easton.peters@student.university.edu,Male,AEROSPACE,4,2022-08-21
276,Ryder,Walker,ryder.walker@student.university.edu,Male,MECHANICAL,1,2025-09-09
277,April,Simpson,april.simpson@student.university.edu,Female,CHEMISTRY,4,2022-09-07
278,Alicia,Flores,alicia.flores@student.university.edu,Female,CHEMICAL,2,2024-08-24
279,Brody,Romero,brody.romero@student.university.edu,Male,CHEMICAL,2,2024-08-24
280,Grace,Sanchez,grace.sanchez@student.university.edu,Female,EARTH SCIENCE,2,2024-08-24
281,Isabelle,Rivera,isabelle.rivera@student.university.edu,Female,CHEMISTRY,2,2024-08-27
282,Brittany,Hayes,brittany.hayes@student.university.edu,Female,CHEMISTRY,1,2025-08-18
283,Ellen,Ray,ellen.ray@student.university.edu,Female,CHEMICAL,3,2023-08-29
284,Steven,Hoffman,steven.hoffman@student.university.edu,Male,CSE,1,2025-08-24
285,Matthew,Valdez,matthew.valdez@student.university.edu,Male,CIVIL,1,2025-09-14
286,Shannon,Cruz,shannon.cruz@student.university.edu,Female,PHYSICS,3,2023-09-12
287,Mia,Alvarado,mia.alvarado@student.university.edu,Female,MSE,1,2025-08-15
288,Milo,Murray,milo.murray@student.university.edu,Male,CIVIL,4,2022-08-16
289,Isabella,Roberts,isabella.roberts@student.university.edu,Female,MSE,1,2025-08-23
290,Doreen,Salazar,doreen.salazar@student.university.edu,Female,AEROSPACE,3,2023-08-31
291,Ashton,Johnston,ashton.johnston@student.university.edu,Male,CHEMISTRY,1,2025-08-23
292,Deborah,O'Brien,deborah.o'brien@student.university.edu,Female,AEROSPACE,4,2022-08-23
293,Austin,Carlson,austin.carlson@student.university.edu,Male,MSE,3,2023-08-31
294,Vincent,Meyer,vincent.meyer@student.university.edu,Male,CHEMICAL,3,2023-08-27
295,Penelope,Hughes,penelope.hughes@student.university.edu,Female,AEROSPACE,3,2023-08-20
296,Mason,Spencer,mason.spencer@student.university.edu,Male,CHEMICAL,4,2022-09-02
297,Donald,Duncan,donald.duncan@student.university.edu,Male,AEROSPACE,3,2023-08-16
298,Kennedy,Reed,kennedy.reed@student.university.edu,Female,PHYSICS,1,2025-08-15
299,River,Griffin,river.griffin@student.university.edu,Male,CHEMISTRY,1,2025-09-04
300,Axel,Price,axel.price@student.university.edu,Male,MECHANICAL,2,2024-08-28
301,Jill,Cunningham,jill.cunningham@student.university.edu,Female,MECHANICAL,4,2022-09-11
302,David,Mendez,david.mendez@student.university.edu,Male,CIVIL,2,2024-08-22
303,Arianna,Jacobs,arianna.jacobs@student.university.edu,Female,MECHANICAL,2,2024-08-24
304,Raymond,Jimenez,raymond.jimenez@student.university.edu,Male,CIVIL,1,2025-09-14
305,Brayden,Kim,brayden.kim@student.university.edu,Male,MSE,2,2024-09-13
306,Lawrence,Williams,lawrence.williams@student.university.edu,Male,EARTH SCIENCE,4,2022-09-07
307,Sawyer,Sims,sawyer.sims@student.university.edu,Male,EARTH SCIENCE,1,2025-09-01
308,Lincoln,Turner,lincoln.turner@student.university.edu,Male,EARTH SCIENCE,3,2023-08-15
309,Bella,Reynolds,bella.reynolds@student.university.edu,Female,CSE,2,2024-08-24
310,Kathleen,Gonzalez,kathleen.gonzalez@student.university.edu,Female,CHEMISTRY,1,2025-08-16
311,Veronica,Sanchez,veronica.sanchez@student.university.edu,Female,CHEMISTRY,4,2022-08-30
312,Maxwell,McCoy,maxwell.mccoy@student.university.edu,Male,MSE,4,2022-08-21
313,Hailey,Robertson,hailey.robertson@student.university.edu,Female,MECHANICAL,3,2023-08-31
314,Meredith,Kelly,meredith.kelly@student.university.edu,Female,MECHANICAL,2,2024-09-13
315,Maria,Moore,maria.moore@student.university.edu,Female,MECHANICAL,3,2023-08-24
316,Roman,Palmer,roman.palmer@student.university.edu,Male,MSE,4,2022-09-10
317,Noah,Hayes,noah.hayes@student.university.edu,Male,EARTH SCIENCE,2,2024-09-10
318,Trinity,Castro,trinity.castro@student.university.edu,Female,CIVIL,3,2023-08-26
319,Luke,Romero,luke.romero@student.university.edu,Male,CIVIL,1,2025-08-26
320,Audrey,Johnston,audrey.johnston@student.university.edu,Female,EARTH SCIENCE,4,2022-08-29
321,Kelsey,Nunez,kelsey.nunez@student.university.edu,Female,EARTH SCIENCE,2,2024-08-18
322,Scott,Wells,scott.wells@student.university.edu,Male,CSE,1,2025-09-07
323,Kristin,Singh,kristin.singh@student.university.edu,Female,CHEMISTRY,1,2025-09-10
324,Randy,Morrison,randy.morrison@student.university.edu,Male,CIVIL,4,2022-08-23
325,Harold,Fernandez,harold.fernandez@student.university.edu,Male,MECHANICAL,3,2023-09-12
326,Monica,Elliott,monica.elliott@student.university.edu,Female,MECHANICAL,3,2023-08-25
327,Micah,Wilson,micah.wilson@student.university.edu,Male,CSE,2,2024-09-04
328,Chase,Kennedy,chase.kennedy@student.university.edu,Male,MECHANICAL,1,2025-09-05
329,Tucker,Porter,tucker.porter@student.university.edu,Male,CHEMICAL,1,2025-09-11
330,Dominic,Peters,dominic.peters@student.university.edu,Male,EARTH SCIENCE,1,2025-08-23
331,Henry,Murray,henry.murray@student.university.edu,Male,CHEMICAL,3,2023-09-04
332,Cheryl,Andrews,cheryl.andrews@student.university.edu,Female,CSE,1,2025-08-21
333,Gavin,Washington,gavin.washington@student.university.edu,Male,EARTH SCIENCE,2,2024-09-05
334,Josephine,Soto,josephine.soto@student.university.edu,Female,MECHANICAL,1,2025-08-27
335,Peter,Silva,peter.silva@student.university.edu,Male,CSE,4,2022-09-06
336,Damian,O'Brien,damian.o'brien@student.university.edu,Male,PHYSICS,1,2025-09-12
337,Martha,Moreno,martha.moreno@student.university.edu,Female,CHEMICAL,1,2025-09-12
338,Allison,Perkins,allison.perkins@student.university.edu,Female,CHEMISTRY,2,2024-09-06
339,Jessica,Carpenter,jessica.carpenter@student.university.edu,Female,CHEMISTRY,3,2023-08-27
340,Patricia,Carroll,patricia.carroll@student.university.edu,Female,CHEMISTRY,4,2022-09-04
341,Joseph,Harris,joseph.harris@student.university.edu,Male,CHEMISTRY,4,2022-09-02
342,Lillian,Rivera,lillian.rivera@student.university.edu,Female,CIVIL,1,2025-08-24
343,Olivia,Walker,olivia.walker@student.university.edu,Female,EARTH SCIENCE,3,2023-08-15
344,Logan,Nguyen,logan.nguyen@student.university.edu,Male,CHEMISTRY,3,2023-08-27
345,Nicole,Estrada,nicole.estrada@student.university.edu,Female,CHEMISTRY,2,2024-08-21
346,Leo,Reid,leo.reid@student.university.edu,Male,MECHANICAL,4,2022-08-16
347,Jackson,Baker,jackson.baker@student.university.edu,Male,AEROSPACE,1,2025-09-05
348,Rosa,Jacobs,rosa.jacobs@student.university.edu,Female,EARTH SCIENCE,3,2023-09-14
349,Eugene,Rogers,eugene.rogers@student.university.edu,Male,CHEMISTRY,4,2022-09-10
350,Jace,Warren,jace.warren@student.university.edu,Male,EARTH SCIENCE,4,2022-08-23
351,Lois,Austin,lois.austin@student.university.edu,Female,CSE,3,2023-08-15
352,Dennis,Henderson,dennis.henderson@student.university.edu,Male,CIVIL,2,2024-08-31
353,Willie,Collins,willie.collins@student.university.edu,Male,CSE,2,2024-08-30
354,Abigail,Edwards,abigail.edwards@student.university.edu,Female,CHEMISTRY,2,2024-09-08
355,Ezekiel,Santiago,ezekiel.santiago@student.university.edu,Male,MECHANICAL,2,2024-08-22
356,Patrick,Clark,patrick.clark@student.university.edu,Male,CHEMISTRY,1,2025-09-05
357,Carson,Bradley,carson.bradley@student.university.edu,Male,CHEMICAL,4,2022-09-03
358,Alexander,Foster,alexander.foster@student.university.edu,Male,PHYSICS,4,2022-08-24
359,Isaac,Carr,isaac.carr@student.university.edu,Male,MSE,1,2025-09-12
360,Esther,Cooper,esther.cooper@student.university.edu,Female,CSE,1,2025-09-02
361,Rhonda,Watkins,rhonda.watkins@student.university.edu,Female,CIVIL,1,2025-09-01
362,Eric,Ross,eric.ross@student.university.edu,Male,MECHANICAL,4,2022-08-20
363,Andrew,Richards,andrew.richards@student.university.edu,Male,MSE,2,2024-09-11
364,Paula,Morris,paula.morris@student.university.edu,Female,EARTH SCIENCE,1,2025-08-29
365,Ariana,Wong,ariana.wong@student.university.edu,Female,MECHANICAL,3,2023-09-08
366,Janet,Shaw,janet.shaw@student.university.edu,Female,CIVIL,4,2022-08-20
367,Jaxon,Hernandes,jaxon.hernandes@student.university.edu,Male,CSE,4,2022-09-04
368,Tiffany,Gonzales,tiffany.gonzales@student.university.edu,Female,CSE,3,2023-09-04
369,Alyssa,Brown,alyssa.brown@student.university.edu,Female,MECHANICAL,2,2024-08-30
370,Kevin,Howard,kevin.howard@student.university.edu,Male,PHYSICS,3,2023-08-17
371,Carolyn,Gordon,carolyn.gordon@student.university.edu,Female,MSE,2,2024-08-19
372,Avery,Wheeler,avery.wheeler@student.university.edu,Female,EARTH SCIENCE,3,2023-08-17
373,Melissa,Carter,melissa.carter@student.university.edu,Female,PHYSICS,1,2025-08-27
374,Wendy,Olson,wendy.olson@student.university.edu,Female,MECHANICAL,2,2024-09-09
375,Charles,Ryan,charles.ryan@student.university.edu,Male,CIVIL,4,2022-08-25
376,Ann,Myers,ann.myers@student.university.edu,Female,CSE,4,2022-08-30
377,Aria,Greene,aria.greene@student.university.edu,Female,CHEMISTRY,2,2024-08-20
378,Christopher,Taylor,christopher.taylor@student.university.edu,Male,CSE,2,2024-09-02
379,Xavier,Garcia,xavier.garcia@student.university.edu,Male,CHEMICAL,2,2024-08-30
380,Charles,Nelson,charles.nelson@student.university.edu,Male,AEROSPACE,4,2022-09-04
381,Michelle,Campbell,michelle.campbell@student.university.edu,Female,AEROSPACE,4,2022-09-05
382,Maverick,Watson,maverick.watson@student.university.edu,Male,MECHANICAL,3,2023-09-05
383,Diana,Castillo,diana.castillo@student.university.edu,Female,CSE,3,2023-08-31
384,Ian,Hale,ian.hale@student.university.edu,Male,EARTH SCIENCE,1,2025-08-17
385,Dorothy,Patel,dorothy.patel@student.university.edu,Female,CHEMISTRY,4,2022-08-22
386,Stephen,Perez,stephen.perez@student.university.edu,Male,MECHANICAL,4,2022-08-21
387,Sean,Wright,sean.wright@student.university.edu,Male,CSE,1,2025-08-26
388,Denise,Vasquez,denise.vasquez@student.university.edu,Female,CIVIL,2,2024-09-06
389,Thomas,Weaver,thomas.weaver@student.university.edu,Male,CHEMISTRY,3,2023-08-16
390,Gladys,Johnson,gladys.johnson@student.university.edu,Female,MSE,4,2022-08-17
391,Nathan,Thompson,nathan.thompson@student.university.edu,Male,CSE,4,2022-08-23
392,Quinn,Allen,quinn.allen@student.university.edu,Female,CIVIL,4,2022-09-14
393,Bryson,Henry,bryson.henry@student.university.edu,Male,CSE,1,2025-09-12
394,Kelly,Bell,kelly.bell@student.university.edu,Female,PHYSICS,3,2023-08-29
395,Jesse,Cook,jesse.cook@student.university.edu,Male,CHEMISTRY,1,2025-08-24
396,Gabriel,King,gabriel.king@student.university.edu,Male,MSE,3,2023-08-28
397,Mary,Delgado,mary.delgado@student.university.edu,Female,AEROSPACE,2,2024-09-13
398,Hayden,Arnold,hayden.arnold@student.university.edu,Male,CHEMISTRY,2,2024-09-01
399,Daniel,Adams,daniel.adams@student.university.edu,Male,AEROSPACE,3,2023-09-01
400,Angela,George,angela.george@student.university.edu,Female,MSE,3,2023-09-11
401,Geraldine,Stevens,geraldine.stevens@student.university.edu,Female,AEROSPACE,4,2022-08-21
402,Josiah,Black,josiah.black@student.university.edu,Male,CHEMISTRY,1,2025-09-05
403,Mariah,Espinoza,mariah.espinoza@student.university.edu,Female,EARTH SCIENCE,2,2024-09-02
404,Lori,White,lori.white@student.university.edu,Female,CHEMISTRY,1,2025-09-03
405,Axel,Grant,axel.grant@student.university.edu,Male,MSE,1,2025-09-13
406,Summer,Hernandez,summer.hernandez@student.university.edu,Female,CHEMISTRY,4,2022-08-15
407,Bruce,Schmidt,bruce.schmidt@student.university.edu,Male,PHYSICS,3,2023-08-26
408,Brooke,Franklin,brooke.franklin@student.university.edu,Female,AEROSPACE,1,2025-08-20
409,Debra,Crawford,debra.crawford@student.university.edu,Female,PHYSICS,2,2024-08-31
410,Theodore,Stone,theodore.stone@student.university.edu,Male,EARTH SCIENCE,3,2023-09-05
411,Reagan,Hill,reagan.hill@student.university.edu,Female,PHYSICS,1,2025-08-23
412,Vivian,Hudson,vivian.hudson@student.university.edu,Female,CHEMISTRY,1,2025-09-01
413,Joan,Vargas,joan.vargas@student.university.edu,Female,CHEMICAL,1,2025-09-07
414,Caleb,Cruz,caleb.cruz@student.university.edu,Male,AEROSPACE,3,2023-09-05
415,Spencer,Medina,spencer.medina@student.university.edu,Male,AEROSPACE,1,2025-08-30
416,Christina,Rios,christina.rios@student.university.edu,Female,AEROSPACE,3,2023-09-13
417,Oliver,Santos,oliver.santos@student.university.edu,Male,PHYSICS,4,2022-09-12
418,Bobby,Hunter,bobby.hunter@student.university.edu,Male,PHYSICS,3,2023-08-20
419,Roman,Payne,roman.payne@student.university.edu,Male,CHEMICAL,1,2025-08-19
420,Sharon,Ramos,sharon.ramos@student.university.edu,Female,MSE,4,2022-08-17
421,Jaxon,Simpson,jaxon.simpson@student.university.edu,Male,AEROSPACE,3,2023-08-31
422,Leslie,Diaz,leslie.diaz@student.university.edu,Female,MSE,3,2023-09-07
423,Lisa,Figueroa,lisa.figueroa@student.university.edu,Female,EARTH SCIENCE,4,2022-09-14
424,Kaiden,Hicks,kaiden.hicks@student.university.edu,Male,AEROSPACE,3,2023-08-21
425,Sarah,Roberts,sarah.roberts@student.university.edu,Female,CSE,1,2025-09-14
426,Judith,Daniels,judith.daniels@student.university.edu,Female,EARTH SCIENCE,3,2023-09-11
427,Wanda,Bennett,wanda.bennett@student.university.edu,Female,MSE,4,2022-09-10
428,Edward,Dixon,edward.dixon@student.university.edu,Male,EARTH SCIENCE,2,2024-08-20
429,Virginia,Bishop,virginia.bishop@student.university.edu,Female,CHEMISTRY,1,2025-09-03
430,Lincoln,Salazar,lincoln.salazar@student.university.edu,Male,MECHANICAL,2,2024-09-12
431,David,Rodriguez,david.rodriguez@student.university.edu,Male,CHEMICAL,4,2022-08-20
432,Evan,Cole,evan.cole@student.university.edu,Male,CIVIL,4,2022-08-22
433,Douglas,Harvey,douglas.harvey@student.university.edu,Male,CHEMISTRY,2,2024-08-30
434,Anna,Munoz,anna.munoz@student.university.edu,Female,AEROSPACE,3,2023-08-28
435,Gerald,Lawson,gerald.lawson@student.university.edu,Male,CSE,4,2022-08-24
436,Raymond,Lewis,raymond.lewis@student.university.edu,Male,CHEMISTRY,1,2025-09-02
437,Brody,Guzman,brody.guzman@student.university.edu,Male,MECHANICAL,2,2024-08-23
438,Eli,Sanders,eli.sanders@student.university.edu,Male,EARTH SCIENCE,2,2024-08-18
439,Bennett,Phillips,bennett.phillips@student.university.edu,Male,CIVIL,4,2022-09-09
440,Asher,Burns,asher.burns@student.university.edu,Male,AEROSPACE,3,2023-08-29
441,Brandy,Ortiz,brandy.ortiz@student.university.edu,Female,CHEMICAL,2,2024-08-25
442,Nicholas,Lawrence,nicholas.lawrence@student.university.edu,Male,CIVIL,4,2022-08-31
443,Frances,Mason,frances.mason@student.university.edu,Female,CSE,4,2022-08-29
444,Violet,Romero,violet.romero@student.university.edu,Female,MSE,4,2022-08-17
445,Joshua,Hunt,joshua.hunt@student.university.edu,Male,MECHANICAL,3,2023-09-02
446,Albert,Jackson,albert.jackson@student.university.edu,Male,AEROSPACE,2,2024-09-11
447,Cassandra,Webb,cassandra.webb@student.university.edu,Female,CHEMISTRY,3,2023-08-31
448,Lucy,Berry,lucy.berry@student.university.edu,Female,MSE,4,2022-09-01
449,Ashley,Simmons,ashley.simmons@student.university.edu,Female,MECHANICAL,1,2025-09-07
450,Holly,Powell,holly.powell@student.university.edu,Female,MSE,1,2025-08-29
451,Scott,Reyes,scott.reyes@student.university.edu,Male,AEROSPACE,2,2024-09-05
452,Cole,Evans,cole.evans@student.university.edu,Male,CHEMISTRY,4,2022-09-08
453,Ellie,Hanson,ellie.hanson@student.university.edu,Female,CIVIL,2,2024-08-24
454,Whitney,Fox,whitney.fox@student.university.edu,Female,EARTH SCIENCE,4,2022-09-03
455,Victoria,Marshall,victoria.marshall@student.university.edu,Female,CSE,1,2025-08-16
456,Annie,Woods,annie.woods@student.university.edu,Female,CSE,2,2024-08-19
457,Maddox,Butler,maddox.butler@student.university.edu,Male,MECHANICAL,2,2024-08-28
458,Grayson,Li,grayson.li@student.university.edu,Male,PHYSICS,4,2022-09-01
459,Hazel,Howell,hazel.howell@student.university.edu,Female,MECHANICAL,3,2023-09-04
460,Brooklyn,Manning,brooklyn.manning@student.university.edu,Female,MSE,2,2024-08-16
461,Bentley,Newman,bentley.newman@student.university.edu,Male,CIVIL,2,2024-08-16
462,Autumn,Montgomery,autumn.montgomery@student.university.edu,Female,MECHANICAL,4,2022-09-05
463,Carson,Gilbert,carson.gilbert@student.university.edu,Male,MSE,3,2023-09-14
464,Dana,Dean,dana.dean@student.university.edu,Female,MECHANICAL,4,2022-09-01
465,Hugo,Mendoza,hugo.mendoza@student.university.edu,Male,PHYSICS,1,2025-09-03
466,Benjamin,Torres,benjamin.torres@student.university.edu,Male,CHEMISTRY,2,2024-09-14
467,Noah,Ortega,noah.ortega@student.university.edu,Male,CHEMISTRY,1,2025-09-04
468,Nora,Gray,nora.gray@student.university.edu,Female,CSE,3,2023-09-08
469,Oliver,Lopez,oliver.lopez@student.university.edu,Male,CIVIL,1,2025-08-21
470,Vincent,Knight,vincent.knight@student.university.edu,Male,CIVIL,3,2023-08-24
471,Jeffrey,Thomas,jeffrey.thomas@student.university.edu,Male,CIVIL,3,2023-08-23
472,Damian,Morales,damian.morales@student.university.edu,Male,MECHANICAL,2,2024-09-06
473,William,Mitchell,william.mitchell@student.university.edu,Male,MSE,4,2022-08-21
474,Marcus,Flores,marcus.flores@student.university.edu,Male,CHEMICAL,3,2023-08-15
475,Liam,Brooks,liam.brooks@student.university.edu,Male,CSE,1,2025-09-09
476,Luke,Ford,luke.ford@student.university.edu,Male,CHEMICAL,1,2025-09-02
477,Blake,Hamilton,blake.hamilton@student.university.edu,Male,MECHANICAL,1,2025-08-23
478,Delilah,Burke,delilah.burke@student.university.edu,Female,MECHANICAL,2,2024-09-06
479,Jeremy,Harrison,jeremy.harrison@student.university.edu,Male,CSE,2,2024-09-14
480,Johnny,Davis,johnny.davis@student.university.edu,Male,EARTH SCIENCE,3,2023-09-02
481,Jack,Hart,jack.hart@student.university.edu,Male,MECHANICAL,2,2024-09-05
482,Jose,Bailey,jose.bailey@student.university.edu,Male,CHEMISTRY,2,2024-09-12
483,Hudson,Ellis,hudson.ellis@student.university.edu,Male,CHEMICAL,1,2025-08-22
484,Sebastian,Alvarado,sebastian.alvarado@student.university.edu,Male,CHEMISTRY,2,2024-09-02
485,Brianna,Jordan,brianna.jordan@student.university.edu,Female,CHEMICAL,1,2025-08-31
486,Eugene,Ramirez,eugene.ramirez@student.university.edu,Male,AEROSPACE,1,2025-09-01
487,Pamela,Martin,pamela.martin@student.university.edu,Female,AEROSPACE,2,2024-08-15
488,Ryan,Goodwin,ryan.goodwin@student.university.edu,Male,CIVIL,2,2024-08-16
489,Logan,Peterson,logan.peterson@student.university.edu,Male,PHYSICS,1,2025-08-26
490,Maya,Anderson,maya.anderson@student.university.edu,Female,CHEMICAL,1,2025-09-06
491,Calvin,Ray,calvin.ray@student.university.edu,Male,MSE,2,2024-08-19
492,Piper,French,piper.french@student.university.edu,Female,MSE,3,2023-09-05
493,Michael,Ferguson,michael.ferguson@student.university.edu,Male,CIVIL,3,2023-09-02
494,Zachary,Sutton,zachary.sutton@student.university.edu,Male,CSE,3,2023-08-16
495,Regina,Richardson,regina.richardson@student.university.edu,Female,CSE,3,2023-08-18
496,Ashton,Smith,ashton.smith@student.university.edu,Male,MSE,2,2024-09-04
497,Brian,Cox,brian.cox@student.university.edu,Male,CSE,4,2022-08-24
498,Diane,Aguilar,diane.aguilar@student.university.edu,Female,CSE,3,2023-09-11
499,Ethan,Fisher,ethan.fisher@student.university.edu,Male,MSE,3,2023-08-18
500,Gertrude,Le,gertrude.le@student.university.edu,Female,MSE,4,2022-08-19
